company_name,source_url,category,performance_records
株式会社リンクネット,https://hnavi.co.jp/corporation/2310/,業務システム,25
株式会社リンクネット,https://hnavi.co.jp/corporation/2310/,WEBシステム,9
株式会社リンクネット,https://hnavi.co.jp/corporation/2310/,アプリ開発,1
株式会社リンクネット,https://hnavi.co.jp/corporation/2310/,ECサイト構築,2
株式会社THO Media&amp;Solutions,https://hnavi.co.jp/corporation/8217/,ホームページ制作,29
株式会社GenAi,https://hnavi.co.jp/corporation/8934/,業務システム,10
株式会社GenAi,https://hnavi.co.jp/corporation/8934/,WEBシステム,10
株式会社GenAi,https://hnavi.co.jp/corporation/8934/,アプリ開発,12
合同会社Solashi Japan,https://hnavi.co.jp/corporation/3778/,業務システム,31
合同会社Solashi Japan,https://hnavi.co.jp/corporation/3778/,アプリ開発,8
AMCOLAB株式会社,https://hnavi.co.jp/corporation/7038/,業務システム,9
AMCOLAB株式会社,https://hnavi.co.jp/corporation/7038/,WEBシステム,10
AMCOLAB株式会社,https://hnavi.co.jp/corporation/7038/,アプリ開発,10
株式会社relation,https://hnavi.co.jp/corporation/3079/,業務システム,2
株式会社relation,https://hnavi.co.jp/corporation/3079/,WEBシステム,2
株式会社BTNコンサルティング,https://hnavi.co.jp/corporation/6675/,WEBシステム,7
株式会社BTNコンサルティング,https://hnavi.co.jp/corporation/6675/,サーバー・クラウド,8
株式会社BTNコンサルティング,https://hnavi.co.jp/corporation/6675/,情シス・社内IT支援,6
株式会社ムクイル,https://hnavi.co.jp/corporation/9439/,サーバー・クラウド,2
株式会社ムクイル,https://hnavi.co.jp/corporation/9439/,コンサル・PM,2
株式会社ムクイル,https://hnavi.co.jp/corporation/9439/,AI,2
株式会社プロテック,https://hnavi.co.jp/corporation/9097/,業務システム,8
株式会社プロテック,https://hnavi.co.jp/corporation/9097/,WEBシステム,12
株式会社プロテック,https://hnavi.co.jp/corporation/9097/,CMS構築,9
ドコドア株式会社,https://hnavi.co.jp/corporation/3656/,アプリ開発,3
ドコドア株式会社,https://hnavi.co.jp/corporation/3656/,ホームページ制作,3
株式会社LIH,https://hnavi.co.jp/corporation/3905/,ホームページ制作,3
株式会社クレアネット,https://hnavi.co.jp/corporation/6851/,ホームページ制作,11
株式会社クレアネット,https://hnavi.co.jp/corporation/6851/,ECサイト構築,8
株式会社Flyby,https://hnavi.co.jp/corporation/3417/,業務システム,10
株式会社Flyby,https://hnavi.co.jp/corporation/3417/,WEBシステム,9
株式会社MH DESIGNS,https://hnavi.co.jp/corporation/3622/,ホームページ制作,9
株式会社MH DESIGNS,https://hnavi.co.jp/corporation/3622/,ECサイト構築,14
合同会社Riberte,https://hnavi.co.jp/corporation/15050/,業務システム,18
合同会社Riberte,https://hnavi.co.jp/corporation/15050/,WEBシステム,9
株式会社センタード,https://hnavi.co.jp/corporation/540/,ホームページ制作,2
株式会社スタジオカレン,https://hnavi.co.jp/corporation/6231/,ホームページ制作,7
株式会社スタジオカレン,https://hnavi.co.jp/corporation/6231/,ECサイト構築,9
株式会社スタジオカレン,https://hnavi.co.jp/corporation/6231/,CMS構築,7
HapInS株式会社,https://hnavi.co.jp/corporation/3549/,業務システム,7
HapInS株式会社,https://hnavi.co.jp/corporation/3549/,WEBシステム,3
株式会社グルコム,https://hnavi.co.jp/corporation/6669/,ホームページ制作,9
株式会社イチカ,https://hnavi.co.jp/corporation/9925/,業務システム,15
株式会社イチカ,https://hnavi.co.jp/corporation/9925/,WEBシステム,12
株式会社VISK,https://hnavi.co.jp/corporation/8462/,WEBシステム,8
ダイバージェンス株式会社,https://hnavi.co.jp/corporation/3100/,ホームページ制作,12
BST株式会社,https://hnavi.co.jp/corporation/6932/,WEBシステム,1
BST株式会社,https://hnavi.co.jp/corporation/6932/,ホームページ制作,11
ナリモト株式会社,https://hnavi.co.jp/corporation/11308/,WEBシステム,15
ナリモト株式会社,https://hnavi.co.jp/corporation/11308/,アプリ開発,9
EPICs株式会社,https://hnavi.co.jp/corporation/9478/,業務システム,6
EPICs株式会社,https://hnavi.co.jp/corporation/9478/,WEBシステム,5
EPICs株式会社,https://hnavi.co.jp/corporation/9478/,アプリ開発,12
GlossVation株式会社,https://hnavi.co.jp/corporation/8747/,業務システム,3
GlossVation株式会社,https://hnavi.co.jp/corporation/8747/,WEBシステム,5
GlossVation株式会社,https://hnavi.co.jp/corporation/8747/,サーバー・クラウド,3
株式会社イー・フュージョン,https://hnavi.co.jp/corporation/5948/,アプリ開発,1
株式会社イー・フュージョン,https://hnavi.co.jp/corporation/5948/,ホームページ制作,3
株式会社カンナート,https://hnavi.co.jp/corporation/6744/,WEBシステム,9
株式会社カンナート,https://hnavi.co.jp/corporation/6744/,ホームページ制作,3
株式会社カンナート,https://hnavi.co.jp/corporation/6744/,ECサイト構築,4
株式会社九州ソフタス,https://hnavi.co.jp/corporation/4131/,業務システム,7
株式会社九州ソフタス,https://hnavi.co.jp/corporation/4131/,WEBシステム,8
株式会社インターライフメディア,https://hnavi.co.jp/corporation/4690/,ホームページ制作,8
株式会社インターライフメディア,https://hnavi.co.jp/corporation/4690/,CMS構築,6
株式会社レザボア・コンサルティング,https://hnavi.co.jp/corporation/6956/,業務システム,7
メトロノーム株式会社,https://hnavi.co.jp/corporation/8650/,業務システム,3
メトロノーム株式会社,https://hnavi.co.jp/corporation/8650/,WEBシステム,3
メトロノーム株式会社,https://hnavi.co.jp/corporation/8650/,ホームページ制作,3
株式会社ShareDan,https://hnavi.co.jp/corporation/14782/,業務システム,3
株式会社ShareDan,https://hnavi.co.jp/corporation/14782/,WEBシステム,4
株式会社ShareDan,https://hnavi.co.jp/corporation/14782/,ホームページ制作,8
株式会社G.G.Gorilla,https://hnavi.co.jp/corporation/9823/,動画制作,10
株式会社ビビッドソウル,https://hnavi.co.jp/corporation/3657/,業務システム,2
株式会社ビビッドソウル,https://hnavi.co.jp/corporation/3657/,WEBシステム,2
アンダーズ株式会社,https://hnavi.co.jp/corporation/6886/,業務システム,11
アンダーズ株式会社,https://hnavi.co.jp/corporation/6886/,WEBシステム,2
tkmt design合同会社,https://hnavi.co.jp/corporation/7487/,ホームページ制作,3
株式会社ピースフラットシステム,https://hnavi.co.jp/corporation/8684/,業務システム,8
株式会社ピースフラットシステム,https://hnavi.co.jp/corporation/8684/,WEBシステム,1
株式会社リヴィティエ,https://hnavi.co.jp/corporation/9130/,業務システム,9
株式会社リヴィティエ,https://hnavi.co.jp/corporation/9130/,WEBシステム,3
株式会社リヴィティエ,https://hnavi.co.jp/corporation/9130/,AI,1
株式会社テレビ愛知企画,https://hnavi.co.jp/corporation/13007/,動画制作,16
アプテック株式会社,https://hnavi.co.jp/corporation/1696/,WEBシステム,1
アプテック株式会社,https://hnavi.co.jp/corporation/1696/,ECサイト構築,1
株式会社Digeon,https://hnavi.co.jp/corporation/3495/,業務システム,6
株式会社Digeon,https://hnavi.co.jp/corporation/3495/,WEBシステム,5
株式会社Digeon,https://hnavi.co.jp/corporation/3495/,AI,1
株式会社フロンティアエンゲージメント,https://hnavi.co.jp/corporation/5647/,WEBマーケティング,3
株式会社ノーコード総合研究所,https://hnavi.co.jp/corporation/8605/,業務システム,15
合同会社raisex,https://hnavi.co.jp/corporation/9319/,業務システム,3
合同会社raisex,https://hnavi.co.jp/corporation/9319/,WEBシステム,2
合同会社raisex,https://hnavi.co.jp/corporation/9319/,AI,11
株式会社Spovisor,https://hnavi.co.jp/corporation/9732/,WEBシステム,7
株式会社Spovisor,https://hnavi.co.jp/corporation/9732/,アプリ開発,3
サンダーバード株式会社,https://hnavi.co.jp/corporation/11066/,業務システム,2
サンダーバード株式会社,https://hnavi.co.jp/corporation/11066/,WEBシステム,8
サンダーバード株式会社,https://hnavi.co.jp/corporation/11066/,アプリ開発,4
株式会社BAP Solution Japan,https://hnavi.co.jp/corporation/1959/,業務システム,2
株式会社BAP Solution Japan,https://hnavi.co.jp/corporation/1959/,アプリ開発,6
株式会社BAP Solution Japan,https://hnavi.co.jp/corporation/1959/,AI,4
株式会社MU,https://hnavi.co.jp/corporation/2698/,WEBシステム,3
株式会社MU,https://hnavi.co.jp/corporation/2698/,ホームページ制作,4
株式会社MU,https://hnavi.co.jp/corporation/2698/,CMS構築,3
株式会社Carecon,https://hnavi.co.jp/corporation/3522/,WEBシステム,5
株式会社Carecon,https://hnavi.co.jp/corporation/3522/,ホームページ制作,2
株式会社Carecon,https://hnavi.co.jp/corporation/3522/,ECサイト構築,1
株式会社egoba,https://hnavi.co.jp/corporation/3550/,業務システム,4
株式会社egoba,https://hnavi.co.jp/corporation/3550/,WEBシステム,4
アイガー株式会社,https://hnavi.co.jp/corporation/3590/,業務システム,2
アイガー株式会社,https://hnavi.co.jp/corporation/3590/,WEBシステム,6
アイガー株式会社,https://hnavi.co.jp/corporation/3590/,ECサイト構築,7
株式会社メリテック,https://hnavi.co.jp/corporation/6671/,業務システム,3
株式会社メリテック,https://hnavi.co.jp/corporation/6671/,WEBシステム,5
株式会社メリテック,https://hnavi.co.jp/corporation/6671/,組み込みシステム開発,6
株式会社dotConf,https://hnavi.co.jp/corporation/6911/,業務システム,5
株式会社dotConf,https://hnavi.co.jp/corporation/6911/,WEBシステム,2
株式会社ヒトヒトプロモーション,https://hnavi.co.jp/corporation/9713/,ホームページ制作,5
株式会社ヒトヒトプロモーション,https://hnavi.co.jp/corporation/9713/,動画制作,3
株式会社HomePageShop,https://hnavi.co.jp/corporation/14844/,WEBシステム,1
株式会社HomePageShop,https://hnavi.co.jp/corporation/14844/,ホームページ制作,11
有限会社アールスリーインスティテュート,https://hnavi.co.jp/corporation/1618/,WEBシステム,1
キュアコード株式会社,https://hnavi.co.jp/corporation/1625/,アプリ開発,2
キュアコード株式会社,https://hnavi.co.jp/corporation/1625/,ホームページ制作,2
デマンドリンク株式会社,https://hnavi.co.jp/corporation/2314/,WEBシステム,3
デマンドリンク株式会社,https://hnavi.co.jp/corporation/2314/,アプリ開発,1
デマンドリンク株式会社,https://hnavi.co.jp/corporation/2314/,ホームページ制作,4
合同会社なのはなシステム,https://hnavi.co.jp/corporation/3232/,WEBシステム,4
合同会社なのはなシステム,https://hnavi.co.jp/corporation/3232/,ホームページ制作,1
合同会社なのはなシステム,https://hnavi.co.jp/corporation/3232/,情シス・社内IT支援,3
株式会社SHIP,https://hnavi.co.jp/corporation/3935/,WEBシステム,4
株式会社SHIP,https://hnavi.co.jp/corporation/3935/,アプリ開発,2
アジアクエスト株式会社,https://hnavi.co.jp/corporation/5947/,業務システム,4
アジアクエスト株式会社,https://hnavi.co.jp/corporation/5947/,WEBシステム,4
アジアクエスト株式会社,https://hnavi.co.jp/corporation/5947/,AI,4
KUSSHU合同会社,https://hnavi.co.jp/corporation/8118/,業務システム,1
EastCloud株式会社,https://hnavi.co.jp/corporation/11030/,業務システム,1
EastCloud株式会社,https://hnavi.co.jp/corporation/11030/,WEBシステム,12
EastCloud株式会社,https://hnavi.co.jp/corporation/11030/,サーバー・クラウド,1
株式会社ジャズインタープレイ,https://hnavi.co.jp/corporation/424/,WEBシステム,1
株式会社ジャズインタープレイ,https://hnavi.co.jp/corporation/424/,ホームページ制作,1
株式会社リファクト,https://hnavi.co.jp/corporation/1182/,WEBシステム,1
株式会社ネオシステム,https://hnavi.co.jp/corporation/1183/,WEBシステム,1
株式会社ネオシステム,https://hnavi.co.jp/corporation/1183/,アプリ開発,1
株式会社ゼノフィ,https://hnavi.co.jp/corporation/1320/,WEBシステム,1
スパイスファクトリー株式会社,https://hnavi.co.jp/corporation/1732/,業務システム,3
スパイスファクトリー株式会社,https://hnavi.co.jp/corporation/1732/,WEBシステム,6
スパイスファクトリー株式会社,https://hnavi.co.jp/corporation/1732/,ホームページ制作,3
パーソルクロステクノロジー株式会社,https://hnavi.co.jp/corporation/2902/,業務システム,2
パーソルクロステクノロジー株式会社,https://hnavi.co.jp/corporation/2902/,WEBシステム,3
パーソルクロステクノロジー株式会社,https://hnavi.co.jp/corporation/2902/,アプリ開発,5
パーソルAVCテクノロジー株式会社,https://hnavi.co.jp/corporation/3240/,業務システム,1
パーソルAVCテクノロジー株式会社,https://hnavi.co.jp/corporation/3240/,アプリ開発,1
パーソルAVCテクノロジー株式会社,https://hnavi.co.jp/corporation/3240/,組み込みシステム開発,1
株式会社ライブエスト,https://hnavi.co.jp/corporation/7913/,ホームページ制作,4
株式会社ライブエスト,https://hnavi.co.jp/corporation/7913/,CMS構築,8
株式会社ChantoBit,https://hnavi.co.jp/corporation/8580/,業務システム,3
株式会社ChantoBit,https://hnavi.co.jp/corporation/8580/,WEBシステム,5
一般社団法人Honmono協会,https://hnavi.co.jp/corporation/8588/,ホームページ制作,3
一般社団法人Honmono協会,https://hnavi.co.jp/corporation/8588/,動画制作,5
株式会社TableGO,https://hnavi.co.jp/corporation/8659/,業務システム,2
株式会社TableGO,https://hnavi.co.jp/corporation/8659/,WEBシステム,3
株式会社TableGO,https://hnavi.co.jp/corporation/8659/,アプリ開発,4
株式会社KKI,https://hnavi.co.jp/corporation/8758/,ホームページ制作,2
株式会社KKI,https://hnavi.co.jp/corporation/8758/,動画制作,3
株式会社カスケード,https://hnavi.co.jp/corporation/8858/,業務システム,3
株式会社カスケード,https://hnavi.co.jp/corporation/8858/,WEBシステム,2
株式会社カスケード,https://hnavi.co.jp/corporation/8858/,AI,2
株式会社アカリエ,https://hnavi.co.jp/corporation/9839/,WEBシステム,2
株式会社アカリエ,https://hnavi.co.jp/corporation/9839/,CMS構築,2
株式会社アカリエ,https://hnavi.co.jp/corporation/9839/,業務支援ツール開発,3
四葉システム開発株式会社,https://hnavi.co.jp/corporation/11746/,業務システム,4
四葉システム開発株式会社,https://hnavi.co.jp/corporation/11746/,WEBシステム,5
四葉システム開発株式会社,https://hnavi.co.jp/corporation/11746/,アプリ開発,2
Jupyter株式会社,https://hnavi.co.jp/corporation/13197/,業務システム,2
Jupyter株式会社,https://hnavi.co.jp/corporation/13197/,WEBシステム,3
株式会社ジェニシス,https://hnavi.co.jp/corporation/1217/,業務システム,1
株式会社ジェニシス,https://hnavi.co.jp/corporation/1217/,WEBシステム,1
株式会社ジェニシス,https://hnavi.co.jp/corporation/1217/,アプリ開発,1
株式会社エムプラス,https://hnavi.co.jp/corporation/1554/,WEBシステム,1
株式会社阪口屋,https://hnavi.co.jp/corporation/1715/,ホームページ制作,1
株式会社阪口屋,https://hnavi.co.jp/corporation/1715/,CMS構築,1
株式会社ユキサキ,https://hnavi.co.jp/corporation/3452/,WEBシステム,1
株式会社ユキサキ,https://hnavi.co.jp/corporation/3452/,ホームページ制作,1
株式会社Border Z,https://hnavi.co.jp/corporation/3705/,業務システム,4
株式会社Border Z,https://hnavi.co.jp/corporation/3705/,WEBシステム,5
株式会社RIT,https://hnavi.co.jp/corporation/4850/,WEBシステム,3
株式会社RIT,https://hnavi.co.jp/corporation/4850/,アプリ開発,2
株式会社RIT,https://hnavi.co.jp/corporation/4850/,ホームページ制作,2
株式会社Weberry,https://hnavi.co.jp/corporation/5167/,ホームページ制作,5
株式会社Weberry,https://hnavi.co.jp/corporation/5167/,動画制作,3
"ARIS VIETNAM CO., LTD",https://hnavi.co.jp/corporation/5357/,業務システム,1
"ARIS VIETNAM CO., LTD",https://hnavi.co.jp/corporation/5357/,WEBシステム,1
"ARIS VIETNAM CO., LTD",https://hnavi.co.jp/corporation/5357/,アプリ開発,1
株式会社インターリユース,https://hnavi.co.jp/corporation/7600/,業務システム,6
株式会社Playground,https://hnavi.co.jp/corporation/8552/,業務システム,4
株式会社Playground,https://hnavi.co.jp/corporation/8552/,WEBシステム,4
株式会社Playground,https://hnavi.co.jp/corporation/8552/,業務支援ツール開発,4
株式会社イマス,https://hnavi.co.jp/corporation/10981/,業務システム,5
株式会社イマス,https://hnavi.co.jp/corporation/10981/,WEBシステム,5
株式会社イマス,https://hnavi.co.jp/corporation/10981/,アプリ開発,2
スターフィールド株式会社,https://hnavi.co.jp/corporation/874/,ECサイト構築,5
スターフィールド株式会社,https://hnavi.co.jp/corporation/874/,ASP・パッケージ,3
Heligate Japan株式会社,https://hnavi.co.jp/corporation/2358/,業務システム,1
Heligate Japan株式会社,https://hnavi.co.jp/corporation/2358/,WEBシステム,5
Heligate Japan株式会社,https://hnavi.co.jp/corporation/2358/,アプリ開発,5
atma株式会社,https://hnavi.co.jp/corporation/2720/,WEBシステム,4
atma株式会社,https://hnavi.co.jp/corporation/2720/,アプリ開発,1
株式会社システナ,https://hnavi.co.jp/corporation/2859/,サーバー・クラウド,5
ALION株式会社,https://hnavi.co.jp/corporation/3453/,WEBシステム,3
ALION株式会社,https://hnavi.co.jp/corporation/3453/,アプリ開発,4
トヨタ情報システム愛知株式会社,https://hnavi.co.jp/corporation/3465/,WEBシステム,1
株式会社アスパーク,https://hnavi.co.jp/corporation/3555/,ホームページ制作,10
株式会社アスリエ,https://hnavi.co.jp/corporation/3628/,WEBシステム,2
株式会社アスリエ,https://hnavi.co.jp/corporation/3628/,アプリ開発,3
株式会社アスリエ,https://hnavi.co.jp/corporation/3628/,ECサイト構築,2
TECHNEST株式会社,https://hnavi.co.jp/corporation/6476/,WEBシステム,6
TECHNEST株式会社,https://hnavi.co.jp/corporation/6476/,アプリ開発,4
ワークスアイディ株式会社,https://hnavi.co.jp/corporation/6587/,業務システム,1
ワークスアイディ株式会社,https://hnavi.co.jp/corporation/6587/,WEBシステム,1
ワークスアイディ株式会社,https://hnavi.co.jp/corporation/6587/,アプリ開発,1
ワークスアイディ株式会社,https://hnavi.co.jp/corporation/6587/,コンサル・PM,1
Aispel株式会社,https://hnavi.co.jp/corporation/7198/,業務システム,2
Aispel株式会社,https://hnavi.co.jp/corporation/7198/,WEBシステム,3
クレバー株式会社,https://hnavi.co.jp/corporation/8206/,WEBシステム,2
クレバー株式会社,https://hnavi.co.jp/corporation/8206/,ホームページ制作,1
合同会社emo planning,https://hnavi.co.jp/corporation/8325/,動画制作,1
株式会社コードリック,https://hnavi.co.jp/corporation/8626/,WEBシステム,6
株式会社コードリック,https://hnavi.co.jp/corporation/8626/,アプリ開発,5
株式会社ジュリアジャパン,https://hnavi.co.jp/corporation/12865/,ホームページ制作,6
株式会社ジュリアジャパン,https://hnavi.co.jp/corporation/12865/,動画制作,2
株式会社レイグローブ,https://hnavi.co.jp/corporation/13819/,業務システム,3
株式会社レイグローブ,https://hnavi.co.jp/corporation/13819/,WEBシステム,5
Camuna合同会社,https://hnavi.co.jp/corporation/13898/,業務システム,4
Camuna合同会社,https://hnavi.co.jp/corporation/13898/,WEBシステム,1
Camuna合同会社,https://hnavi.co.jp/corporation/13898/,AI,5
株式会社シンカネット,https://hnavi.co.jp/corporation/816/,ホームページ制作,1
株式会社Open Field,https://hnavi.co.jp/corporation/1384/,ホームページ制作,1
株式会社Open Field,https://hnavi.co.jp/corporation/1384/,ECサイト構築,1
株式会社アイティープランニング,https://hnavi.co.jp/corporation/1550/,WEBシステム,1
株式会社アイティープランニング,https://hnavi.co.jp/corporation/1550/,ホームページ制作,2
カコムス株式会社,https://hnavi.co.jp/corporation/2221/,業務システム,3
タカコーホールディングス株式会社,https://hnavi.co.jp/corporation/3146/,業務システム,2
タカコーホールディングス株式会社,https://hnavi.co.jp/corporation/3146/,WEBシステム,2
株式会社アスネット,https://hnavi.co.jp/corporation/3393/,サーバー・クラウド,1
アステック株式会社,https://hnavi.co.jp/corporation/3464/,業務システム,1
株式会社キャピタルナレッジ,https://hnavi.co.jp/corporation/4175/,業務システム,4
株式会社キャピタルナレッジ,https://hnavi.co.jp/corporation/4175/,WEBシステム,4
株式会社ビュープラン,https://hnavi.co.jp/corporation/4775/,WEBシステム,6
株式会社ripla,https://hnavi.co.jp/corporation/7639/,WEBシステム,3
株式会社ripla,https://hnavi.co.jp/corporation/7639/,アプリ開発,2
株式会社PRODUCTION C-TIME,https://hnavi.co.jp/corporation/12122/,ホームページ制作,2
株式会社PRODUCTION C-TIME,https://hnavi.co.jp/corporation/12122/,ECサイト構築,2
株式会社エムアールピー,https://hnavi.co.jp/corporation/13020/,ホームページ制作,2
株式会社エムアールピー,https://hnavi.co.jp/corporation/13020/,CMS構築,2
株式会社エムアールピー,https://hnavi.co.jp/corporation/13020/,WEBマーケティング,1
株式会社JIL,https://hnavi.co.jp/corporation/13192/,業務システム,1
株式会社JIL,https://hnavi.co.jp/corporation/13192/,コンサル・PM,1
株式会社JIL,https://hnavi.co.jp/corporation/13192/,AI,1
株式会社スタイル・フリー,https://hnavi.co.jp/corporation/1756/,業務システム,5
株式会社スタイル・フリー,https://hnavi.co.jp/corporation/1756/,WEBシステム,3
株式会社クラスフォックス,https://hnavi.co.jp/corporation/2925/,業務システム,9
株式会社ソールテック,https://hnavi.co.jp/corporation/2969/,WEBシステム,3
株式会社ソールテック,https://hnavi.co.jp/corporation/2969/,組み込みシステム開発,3
株式会社インプレス,https://hnavi.co.jp/corporation/3038/,業務システム,1
株式会社インプレス,https://hnavi.co.jp/corporation/3038/,WEBシステム,1
株式会社インプレス,https://hnavi.co.jp/corporation/3038/,コンサル・PM,1
株式会社PPFパートナーズ,https://hnavi.co.jp/corporation/3212/,業務システム,6
株式会社PPFパートナーズ,https://hnavi.co.jp/corporation/3212/,WEBシステム,2
株式会社コムウェイ,https://hnavi.co.jp/corporation/3531/,WEBシステム,7
株式会社コムウェイ,https://hnavi.co.jp/corporation/3531/,アプリ開発,1
株式会社PeakVisor,https://hnavi.co.jp/corporation/3841/,業務システム,7
株式会社PeakVisor,https://hnavi.co.jp/corporation/3841/,WEBシステム,1
株式会社イービット,https://hnavi.co.jp/corporation/4615/,WEBシステム,5
株式会社GOSPA,https://hnavi.co.jp/corporation/5093/,業務システム,5
株式会社GOSPA,https://hnavi.co.jp/corporation/5093/,WEBシステム,4
株式会社クオックス,https://hnavi.co.jp/corporation/6867/,WEBシステム,5
株式会社クオックス,https://hnavi.co.jp/corporation/6867/,アプリ開発,3
株式会社ヒィズ,https://hnavi.co.jp/corporation/7445/,ホームページ制作,2
株式会社キュー,https://hnavi.co.jp/corporation/7828/,WEBシステム,1
株式会社キュー,https://hnavi.co.jp/corporation/7828/,ホームページ制作,2
ネオクラウド株式会社,https://hnavi.co.jp/corporation/8454/,業務システム,1
ネオクラウド株式会社,https://hnavi.co.jp/corporation/8454/,ECサイト構築,3
株式会社START&amp;ACTION,https://hnavi.co.jp/corporation/10201/,業務システム,2
株式会社START&amp;ACTION,https://hnavi.co.jp/corporation/10201/,WEBシステム,2
株式会社START&amp;ACTION,https://hnavi.co.jp/corporation/10201/,アプリ開発,2
株式会社SHINJIDAI,https://hnavi.co.jp/corporation/10820/,WEBシステム,2
秋霜堂株式会社,https://hnavi.co.jp/corporation/11005/,業務システム,4
秋霜堂株式会社,https://hnavi.co.jp/corporation/11005/,WEBシステム,3
日本ソフト技研株式会社,https://hnavi.co.jp/corporation/1424/,WEBシステム,2
日本ソフト技研株式会社,https://hnavi.co.jp/corporation/1424/,ホームページ制作,1
ケイ・エヌ情報システム株式会社,https://hnavi.co.jp/corporation/1451/,業務システム,1
株式会社ピーシーウイング,https://hnavi.co.jp/corporation/1566/,ホームページ制作,1
有限会社フューチャーベース,https://hnavi.co.jp/corporation/1593/,WEBシステム,1
株式会社ギャス,https://hnavi.co.jp/corporation/2740/,業務システム,3
株式会社ギャス,https://hnavi.co.jp/corporation/2740/,WEBシステム,1
株式会社ギャス,https://hnavi.co.jp/corporation/2740/,アプリ開発,3
日本ジョイントソリューションズ株式会社,https://hnavi.co.jp/corporation/2879/,業務システム,4
メセナインターコム株式会社,https://hnavi.co.jp/corporation/3488/,ホームページ制作,4
MICKS株式会社,https://hnavi.co.jp/corporation/3615/,業務システム,2
キュア合同会社,https://hnavi.co.jp/corporation/4539/,ホームページ制作,3
株式会社Life Crayon Style,https://hnavi.co.jp/corporation/6855/,WEBシステム,1
株式会社Life Crayon Style,https://hnavi.co.jp/corporation/6855/,アプリ開発,1
株式会社if,https://hnavi.co.jp/corporation/7434/,WEBシステム,1
株式会社if,https://hnavi.co.jp/corporation/7434/,アプリ開発,4
株式会社if,https://hnavi.co.jp/corporation/7434/,ホームページ制作,3
株式会社Shared Value,https://hnavi.co.jp/corporation/8152/,業務システム,1
DEV01株式会社,https://hnavi.co.jp/corporation/8664/,WEBシステム,2
DEV01株式会社,https://hnavi.co.jp/corporation/8664/,アプリ開発,2
株式会社コルモアナ,https://hnavi.co.jp/corporation/9685/,WEBシステム,2
株式会社コルモアナ,https://hnavi.co.jp/corporation/9685/,アプリ開発,1
株式会社コルモアナ,https://hnavi.co.jp/corporation/9685/,AI,4
株式会社スタンプ,https://hnavi.co.jp/corporation/10751/,WEBシステム,3
株式会社スタンプ,https://hnavi.co.jp/corporation/10751/,CMS構築,2
株式会社launchLab,https://hnavi.co.jp/corporation/11572/,WEBシステム,7
株式会社クリエイトアソシエ,https://hnavi.co.jp/corporation/11636/,WEBシステム,2
小畑石油採掘株式会社,https://hnavi.co.jp/corporation/11842/,業務システム,3
小畑石油採掘株式会社,https://hnavi.co.jp/corporation/11842/,WEBシステム,5
株式会社コンテナ,https://hnavi.co.jp/corporation/12708/,ホームページ制作,8
ソフト総研株式会社,https://hnavi.co.jp/corporation/1134/,業務システム,1
株式会社レイアウト,https://hnavi.co.jp/corporation/1704/,ホームページ制作,5
株式会社SACOOL,https://hnavi.co.jp/corporation/1739/,ホームページ制作,1
株式会社スリーエース,https://hnavi.co.jp/corporation/1767/,WEBシステム,1
インフォニック株式会社,https://hnavi.co.jp/corporation/2476/,WEBシステム,3
インフォニック株式会社,https://hnavi.co.jp/corporation/2476/,サーバー・クラウド,1
ソリッドコミュニケーション株式会社,https://hnavi.co.jp/corporation/2681/,業務システム,3
LRテックス株式会社,https://hnavi.co.jp/corporation/2971/,WEBシステム,2
ピセ株式会社,https://hnavi.co.jp/corporation/2973/,WEBシステム,1
ピセ株式会社,https://hnavi.co.jp/corporation/2973/,アプリ開発,1
株式会社A-ZiP,https://hnavi.co.jp/corporation/3412/,業務システム,1
モカモコ株式会社,https://hnavi.co.jp/corporation/4105/,WEBシステム,3
モカモコ株式会社,https://hnavi.co.jp/corporation/4105/,アプリ開発,1
株式会社アピュイ,https://hnavi.co.jp/corporation/4750/,業務システム,2
株式会社アピュイ,https://hnavi.co.jp/corporation/4750/,WEBシステム,2
株式会社AITC,https://hnavi.co.jp/corporation/6824/,業務システム,1
株式会社AITC,https://hnavi.co.jp/corporation/6824/,WEBシステム,6
イクスコアクリエイティブ株式会社,https://hnavi.co.jp/corporation/8194/,ホームページ制作,3
株式会社アイセル,https://hnavi.co.jp/corporation/8607/,業務システム,3
株式会社アイセル,https://hnavi.co.jp/corporation/8607/,WEBシステム,1
株式会社アイセル,https://hnavi.co.jp/corporation/8607/,アプリ開発,1
株式会社リーディング･エッジ社,https://hnavi.co.jp/corporation/10494/,WEBシステム,6
有限会社リニア・ジャパン,https://hnavi.co.jp/corporation/11341/,業務システム,2
有限会社リニア・ジャパン,https://hnavi.co.jp/corporation/11341/,WEBシステム,2
株式会社StellarCreate,https://hnavi.co.jp/corporation/11591/,WEBシステム,4
株式会社オールワンズマイト,https://hnavi.co.jp/corporation/13407/,ホームページ制作,2
株式会社オールワンズマイト,https://hnavi.co.jp/corporation/13407/,WEBマーケティング,5
株式会社オープンアップシステム,https://hnavi.co.jp/corporation/176/,WEBシステム,1
株式会社オープンアップシステム,https://hnavi.co.jp/corporation/176/,アプリ開発,1
株式会社アイティ・フォレスト,https://hnavi.co.jp/corporation/444/,WEBシステム,1
株式会社日本ノベルティ,https://hnavi.co.jp/corporation/1545/,アプリ開発,1
有限会社バーチャルテクノロジー,https://hnavi.co.jp/corporation/1676/,WEBシステム,1
株式会社マクティズム,https://hnavi.co.jp/corporation/1811/,業務システム,3
株式会社Automagic,https://hnavi.co.jp/corporation/2876/,業務システム,1
株式会社Automagic,https://hnavi.co.jp/corporation/2876/,WEBシステム,1
株式会社Automagic,https://hnavi.co.jp/corporation/2876/,アプリ開発,1
株式会社コレックホールディングス,https://hnavi.co.jp/corporation/4016/,WEBシステム,1
株式会社コレックホールディングス,https://hnavi.co.jp/corporation/4016/,アプリ開発,1
イースト株式会社,https://hnavi.co.jp/corporation/7289/,WEBシステム,3
株式会社グローバルジャパンネットワーク,https://hnavi.co.jp/corporation/7354/,業務システム,2
株式会社グローバルジャパンネットワーク,https://hnavi.co.jp/corporation/7354/,WEBシステム,1
Z-SOFT株式会社,https://hnavi.co.jp/corporation/8312/,業務システム,1
Z-SOFT株式会社,https://hnavi.co.jp/corporation/8312/,AI,5
株式会社コンサルリンク,https://hnavi.co.jp/corporation/8893/,業務システム,1
株式会社コンサルリンク,https://hnavi.co.jp/corporation/8893/,WEBシステム,3
株式会社コンサルリンク,https://hnavi.co.jp/corporation/8893/,アプリ開発,1
株式会社コンサルリンク,https://hnavi.co.jp/corporation/8893/,AI,1
株式会社confident,https://hnavi.co.jp/corporation/8918/,ホームページ制作,3
株式会社confident,https://hnavi.co.jp/corporation/8918/,WEBマーケティング,2
株式会社グローバルウェイ,https://hnavi.co.jp/corporation/9435/,WEBシステム,3
イメージ情報開発株式会社,https://hnavi.co.jp/corporation/10005/,業務システム,3
イメージ情報開発株式会社,https://hnavi.co.jp/corporation/10005/,WEBシステム,3
LIJ株式会社,https://hnavi.co.jp/corporation/10815/,業務システム,1
LIJ株式会社,https://hnavi.co.jp/corporation/10815/,WEBシステム,4
株式会社HMネット,https://hnavi.co.jp/corporation/12206/,業務システム,4
株式会社Angkor Byte,https://hnavi.co.jp/corporation/13971/,WEBシステム,1
株式会社Angkor Byte,https://hnavi.co.jp/corporation/13971/,AI,1
株式会社ロマンクルー,https://hnavi.co.jp/corporation/1371/,WEBシステム,1
有限会社伊唐,https://hnavi.co.jp/corporation/1475/,業務システム,1
6etアプリ株式会社,https://hnavi.co.jp/corporation/1636/,アプリ開発,2
アクティブサポートジャパン合同会社,https://hnavi.co.jp/corporation/1688/,ホームページ制作,4
アクティブサポートジャパン合同会社,https://hnavi.co.jp/corporation/1688/,ECサイト構築,1
株式会社ルミテック,https://hnavi.co.jp/corporation/1725/,業務システム,5
株式会社デイブレイク,https://hnavi.co.jp/corporation/1745/,WEBシステム,1
株式会社デイブレイク,https://hnavi.co.jp/corporation/1745/,アプリ開発,1
株式会社日本キャスト,https://hnavi.co.jp/corporation/2562/,業務システム,1
株式会社UZEN,https://hnavi.co.jp/corporation/3390/,ECサイト構築,5
株式会社リソルカンパニー,https://hnavi.co.jp/corporation/4258/,WEBシステム,5
株式会社ビースカイネット,https://hnavi.co.jp/corporation/6246/,業務システム,2
株式会社ビースカイネット,https://hnavi.co.jp/corporation/6246/,WEBシステム,1
株式会社ビースカイネット,https://hnavi.co.jp/corporation/6246/,アプリ開発,1
株式会社ファンズクリエイション,https://hnavi.co.jp/corporation/6578/,ホームページ制作,1
株式会社クロスゲームズ,https://hnavi.co.jp/corporation/7391/,WEBシステム,1
株式会社クリード,https://hnavi.co.jp/corporation/7884/,ホームページ制作,1
株式会社クリード,https://hnavi.co.jp/corporation/7884/,ECサイト構築,1
株式会社クリード,https://hnavi.co.jp/corporation/7884/,WEBマーケティング,1
株式会社TBC,https://hnavi.co.jp/corporation/8658/,業務システム,2
株式会社TBC,https://hnavi.co.jp/corporation/8658/,WEBシステム,2
株式会社Space Dog,https://hnavi.co.jp/corporation/10393/,アプリ開発,2
株式会社Space Dog,https://hnavi.co.jp/corporation/10393/,サーバー・クラウド,1
プラクス株式会社,https://hnavi.co.jp/corporation/11762/,業務システム,1
プラクス株式会社,https://hnavi.co.jp/corporation/11762/,WEBシステム,1
プラクス株式会社,https://hnavi.co.jp/corporation/11762/,アプリ開発,2
オドテック株式会社,https://hnavi.co.jp/corporation/12137/,ホームページ制作,1
株式会社ロクシアシステムズ,https://hnavi.co.jp/corporation/12224/,サーバー・クラウド,4
株式会社アンド,https://hnavi.co.jp/corporation/13253/,ホームページ制作,3
株式会社アンド,https://hnavi.co.jp/corporation/13253/,ECサイト構築,2
株式会社創研,https://hnavi.co.jp/corporation/709/,WEBシステム,4
株式会社医療Design Workshop,https://hnavi.co.jp/corporation/1442/,コンサル・PM,3
株式会社セブリック,https://hnavi.co.jp/corporation/1711/,WEBシステム,1
株式会社セブリック,https://hnavi.co.jp/corporation/1711/,ECサイト構築,1
株式会社ファイブ,https://hnavi.co.jp/corporation/1932/,業務システム,1
株式会社ファイブ,https://hnavi.co.jp/corporation/1932/,コンサル・PM,1
株式会社Smallit,https://hnavi.co.jp/corporation/2804/,業務システム,2
株式会社Smallit,https://hnavi.co.jp/corporation/2804/,アプリ開発,2
株式会社Lisod Japan,https://hnavi.co.jp/corporation/3738/,WEBシステム,1
株式会社Lisod Japan,https://hnavi.co.jp/corporation/3738/,アプリ開発,1
株式会社サニー情報システム,https://hnavi.co.jp/corporation/4896/,WEBシステム,1
株式会社サニー情報システム,https://hnavi.co.jp/corporation/4896/,コンサル・PM,1
株式会社J＆Cカンパニー,https://hnavi.co.jp/corporation/6151/,業務システム,3
株式会社J＆Cカンパニー,https://hnavi.co.jp/corporation/6151/,WEBシステム,1
Younode株式会社,https://hnavi.co.jp/corporation/7141/,WEBシステム,1
Younode株式会社,https://hnavi.co.jp/corporation/7141/,アプリ開発,1
Younode株式会社,https://hnavi.co.jp/corporation/7141/,サーバー・クラウド,1
株式会社nownext,https://hnavi.co.jp/corporation/8000/,ホームページ制作,3
株式会社テクノパワー,https://hnavi.co.jp/corporation/9390/,業務システム,1
株式会社テクノパワー,https://hnavi.co.jp/corporation/9390/,WEBシステム,1
株式会社テクノパワー,https://hnavi.co.jp/corporation/9390/,CMS構築,1
株式会社テクノパワー,https://hnavi.co.jp/corporation/9390/,サーバー・クラウド,1
トッパジャパン株式会社,https://hnavi.co.jp/corporation/9771/,WEBシステム,1
トッパジャパン株式会社,https://hnavi.co.jp/corporation/9771/,アプリ開発,1
株式会社エーシス,https://hnavi.co.jp/corporation/10768/,業務システム,2
株式会社グレイスノート,https://hnavi.co.jp/corporation/10811/,ホームページ制作,4
株式会社リッジピース,https://hnavi.co.jp/corporation/13921/,WEBシステム,1
株式会社リッジピース,https://hnavi.co.jp/corporation/13921/,AI,1
株式会社MS2,https://hnavi.co.jp/corporation/14959/,動画制作,1
株式会社オブジィ,https://hnavi.co.jp/corporation/418/,WEBシステム,3
ドローフォー株式会社,https://hnavi.co.jp/corporation/512/,ホームページ制作,1
ドローフォー株式会社,https://hnavi.co.jp/corporation/512/,CMS構築,1
インフォ・ラウンジ株式会社,https://hnavi.co.jp/corporation/824/,WEBシステム,1
株式会社インプレス・デジタル・バリューズ,https://hnavi.co.jp/corporation/942/,WEBシステム,2
株式会社インプレス・デジタル・バリューズ,https://hnavi.co.jp/corporation/942/,ホームページ制作,1
株式会社ルビコン,https://hnavi.co.jp/corporation/1687/,WEBシステム,1
株式会社ルビコン,https://hnavi.co.jp/corporation/1687/,ホームページ制作,1
株式会社ルビコン,https://hnavi.co.jp/corporation/1687/,ECサイト構築,1
サンシステム株式会社,https://hnavi.co.jp/corporation/2323/,業務システム,1
株式会社エグゼ,https://hnavi.co.jp/corporation/3519/,業務システム,1
株式会社エグゼ,https://hnavi.co.jp/corporation/3519/,WEBシステム,1
株式会社アープ,https://hnavi.co.jp/corporation/5142/,WEBシステム,1
株式会社アープ,https://hnavi.co.jp/corporation/5142/,AI,2
株式会社ハイペリオン,https://hnavi.co.jp/corporation/5274/,WEBシステム,2
株式会社パートナーズ（旧25）,https://hnavi.co.jp/corporation/8594/,ASP・パッケージ,1
株式会社WEST ORANGE,https://hnavi.co.jp/corporation/8670/,WEBシステム,3
株式会社Campus Blend,https://hnavi.co.jp/corporation/8716/,ホームページ制作,1
株式会社エドノワ,https://hnavi.co.jp/corporation/11048/,業務システム,3
株式会社スマートコンテンツ,https://hnavi.co.jp/corporation/11411/,WEBシステム,1
株式会社スマートコンテンツ,https://hnavi.co.jp/corporation/11411/,AI,2
株式会社デンサン,https://hnavi.co.jp/corporation/11625/,WEBシステム,1
株式会社kotatsu,https://hnavi.co.jp/corporation/12195/,業務システム,1
株式会社kotatsu,https://hnavi.co.jp/corporation/12195/,WEBシステム,3
株式会社カラーチップス,https://hnavi.co.jp/corporation/12358/,業務システム,1
合同会社元就,https://hnavi.co.jp/corporation/12450/,動画制作,3
株式会社ノイ,https://hnavi.co.jp/corporation/12949/,ホームページ制作,3
グース株式会社,https://hnavi.co.jp/corporation/13056/,WEBシステム,1
合同会社カゾシステム,https://hnavi.co.jp/corporation/14948/,業務システム,1
合同会社カゾシステム,https://hnavi.co.jp/corporation/14948/,WEBシステム,1
アクセルユニバース株式会社,https://hnavi.co.jp/corporation/1570/,WEBシステム,1
バルテス・イノベーションズ株式会社,https://hnavi.co.jp/corporation/3136/,WEBシステム,1
バルテス・イノベーションズ株式会社,https://hnavi.co.jp/corporation/3136/,アプリ開発,1
ホンダロジコム株式会社,https://hnavi.co.jp/corporation/3231/,WEBシステム,2
スペース・アイ株式会社,https://hnavi.co.jp/corporation/6207/,WEBシステム,2
株式会社くじらシステム開発,https://hnavi.co.jp/corporation/6640/,WEBシステム,2
KOKUA株式会社,https://hnavi.co.jp/corporation/6709/,業務システム,2
株式会社サンディコム,https://hnavi.co.jp/corporation/9617/,ホームページ制作,1
株式会社アビックシステム,https://hnavi.co.jp/corporation/10953/,WEBシステム,1
株式会社ビジネスコンピュータ,https://hnavi.co.jp/corporation/11604/,業務システム,1
株式会社AndGo,https://hnavi.co.jp/corporation/12342/,WEBシステム,1
株式会社DEGINA,https://hnavi.co.jp/corporation/13181/,ホームページ制作,1
IECS株式会社,https://hnavi.co.jp/corporation/13935/,業務システム,1
株式会社アルフォ,https://hnavi.co.jp/corporation/14272/,WEBシステム,2
株式会社イデアライブ,https://hnavi.co.jp/corporation/534/,アプリ開発,1
ダイレクト・コンサルティング株式会社,https://hnavi.co.jp/corporation/583/,業務システム,1
有限会社ニジイロ,https://hnavi.co.jp/corporation/895/,ECサイト構築,1
株式会社キャパ,https://hnavi.co.jp/corporation/1355/,WEBシステム,1
株式会社リック,https://hnavi.co.jp/corporation/1440/,WEBシステム,1
株式会社テレマ,https://hnavi.co.jp/corporation/1522/,WEBシステム,1
株式会社リエゾン,https://hnavi.co.jp/corporation/1553/,WEBシステム,1
株式会社ソフテックス,https://hnavi.co.jp/corporation/1605/,WEBシステム,1
株式会社セットアップ,https://hnavi.co.jp/corporation/1649/,アプリ開発,1
株式会社シーボックス,https://hnavi.co.jp/corporation/1737/,ホームページ制作,1
株式会社G.FLEX,https://hnavi.co.jp/corporation/1776/,業務システム,1
株式会社杉並情報システムズ,https://hnavi.co.jp/corporation/1818/,業務システム,1
ワンダフルフライ株式会社,https://hnavi.co.jp/corporation/2205/,業務システム,1
株式会社ブリエ,https://hnavi.co.jp/corporation/2710/,業務システム,1
システムズ・デザイン株式会社,https://hnavi.co.jp/corporation/3043/,業務システム,1
ワールドビジネスセンター株式会社,https://hnavi.co.jp/corporation/3045/,WEBシステム,1
株式会社ティーワイシー,https://hnavi.co.jp/corporation/3455/,業務システム,1
株式会社ALBY,https://hnavi.co.jp/corporation/5769/,業務システム,1
undergraffiti.株式会社,https://hnavi.co.jp/corporation/6918/,ホームページ制作,1
株式会社JV-ITホールディングス,https://hnavi.co.jp/corporation/8140/,業務システム,1
株式会社ユニティ,https://hnavi.co.jp/corporation/10951/,WEBシステム,1
アルテンジャパン株式会社,https://hnavi.co.jp/corporation/11327/,業務システム,1
株式会社リバークレイン,https://hnavi.co.jp/corporation/11328/,ECサイト構築,1
